alvarez_lab,4800
anderson_lab,218
arguelles_delgado_lab,2696
astrominger_lab,659
barak_lab,5005
bfarrell_lab,218
bhi_lab,659
bicepdata_group,120
bloxham_lab,615
brenner_lab,1940
bsabatini_lab,4800
cluster_users,43117
conroy_lab,1188
cox_lab,296
davies_lab,928
desai_lab,312
doeleman_lab,659
doshi-velez_lab,216
dsouza_lab,216
dvorkin_lab,171
eddy_lab,4185
edwards_lab,216
eisenstein_lab,420
finkbeiner_lab,677
fischer_lab,184
friend_lab,216
giribet_lab,216
hernquist_external,50
hernquist_lab,1733
hills_lab,312
hoekstra_lab,325
holman_lab,420
huttenhower_lab,216
huybers_lab,316
iaifi_lab,7400
icecube,512
idreos_lab,505
informatics,546
ishii_lab,248
itc_lab,420
jacob_lab,705
jacobsen_lab,206
janson_lab,520
jfrankle_lab,4800
jjohnson_lab,420
joonholee_lab,216
jshapiro_lab,267
kaxiras_lab,512
ke_lab,248
keith_lab_seas,296
kempner_lab,4800
keto_lab,420
konkle_lab,4800
koumoutsakos_lab,7690
kovac_lab,1330
kozinsky_lab,3802
kuang_lab,1565
lichtman_lab,712
linz_lab,2222
loeb_lab,958
lopez_morales_lab,420
lukin_lab,216
martin_lab_seas,218
mazur_lab_seas,134
mccoll_lab,1230
mcelroy_lab,218
meade_lab,2106
mitrovica_lab,248
moorcroft_lab,954
murphy_lab,290
narayan_lab,1376
natarajan_lab,659
nguyen_lab,216
nhejazi_lab,267
ni_lab,168
oberg_lab,420
olveczky_lab,580
ortegahernandez_lab,702
parkes_lab,505
pehlevan_lab,6984
pfister_lab,890
rivas_lab,341
rush_lab,156
sabeti_lab,353
sasselov_lab,420
schrag_lab,316
shakhnovich_lab,264
shaw_lab,206
sompolinsky_lab,468
stubbs_lab,420
sunderland_lab,257
sur_lab,414
tambe_lab,1082
tziperman_lab,236
viegas_lab,9460
vishwanath_lab,216
wattenberg_lab,9460
whipple_lab,408
wofsy_lab,815
wordsworth_lab,1025
xchen_lab,420
xlin,1013
yao_lab,1176
yau2_lab,659
yin_lab,312
zhuang_lab,427
zickler_lab,137
zon_lab,216
