acc_lab,912
adamkiewicz_lab,266
anderson_lab,348
arguelles_delgado_lab,5052
aryee_lab,266
ascherio_lab,266
aseigal_lab,2630
atkinson_lab,266
avillar_lab,499
barak_lab,250
barnett_lab,266
bauhoff_lab,266
beam_lab,266
bertoldi_lab,912
betensky_lab,266
bfarrell_lab,298
bhi_lab,789
bicepdata_group,120
bloxham_lab,745
brain_lab,266
brenner_lab,3890
bsabatini_lab,0
buckee_lab,266
burleigh_lab,266
cai_lab,266
cduggan_lab,266
cgolden_lab,266
chavarro_lab,266
chen_lab,266
christiani_lab,266
clange_lab,266
cluster_users,131684
conroy_lab,1267
coull_lab,266
dahabreh_lab,266
dam_lab,4808
danaei_lab,266
davies_lab,1058
dcanning_lab,266
denckla_lab,266
desai_lab,442
descudero_lab,266
dickerman_lab,266
doeleman_lab,789
dominici_lab,266
doria_lab,266
doshi-velez_lab,346
drgold_lab,266
dsouza_lab,346
duan_lab,266
duraisingh_lab,266
dvorkin_lab,384
dwang_lab,266
dwirth_lab,266
eddy_lab,10512
edwards_lab,346
eisenstein_lab,499
ejrubin_lab,266
enos_lab,384
fawzi_lab,266
finkbeiner_lab,499
finkelstein_lab,266
friend_lab,346
garrett_lab,266
gelaye_lab,266
gershman_lab,324
giribet_lab,346
gfink_lab,266
gilman_lab,266
gjchan_lab,266
goodman_lab,499
grad_lab,266
grandjean_lab,266
gyuan_lab,266
ha_lab,266
haber_lab,266
hanage_lab,266
haneuse_lab,266
hankyang_lab,22203
hernan_lab,266
hernandez-diaz_lab,266
hernquist_external,50
hernquist_lab,1812
hills_lab,442
hoekstra_lab,692
hoffman_lab_hsph,266
holman_lab,499
hsph_bioinfo,266
htiemeier_lab,266
hu_lab,266
hughes_lab,266
huttenhower_lab,362
huybers_lab,446
iaifi_lab,7530
icecube,512
idreos_lab,250
informatics,650
irizarry_lab,266
ishii_lab,378
itc_lab,499
jacob_lab,835
jacobsen_lab,346
jallen_lab,266
janson_lab,967
jessicacohen_lab,266
jimaieaton_lab,266
jjohnson_lab,499
jli0525_lab,266
joonholee_lab,941
jpark_lab,266
jrobins_lab,266
jrohr_lab,266
jschwartz_lab,266
jshapiro_lab,666
jubellacker_lab,266
junweil_lab,266
kawachi_lab,266
kaxiras_lab,346
kcorbetthelaire_lab,266
ke_lab,394
keith_lab_seas,426
kempner_adamian_lab,1200
kempner_albergo_lab,12325
kempner_alvarez_lab,13770
kempner_awalsman_lab,1200
kempner_ba_lab,13770
kempner_barak_lab,13770
kempner_bingbin_lab,1200
kempner_binxuwang_lab,1200
kempner_bsabatini_lab,13960
kempner_dam_lab,15595
kempner_dev,250
kempner_dgc_lab,1200
kempner_fellows,10850
kempner_gershman_lab,3941
kempner_gil_lab,3941
kempner_grads,29472
kempner_gtuckute_lab,1200
kempner_hms,1842
kempner_horgad_lab,1200
kempner_ijones_lab,1200
kempner_kdbrantley_lab,12325
kempner_konkle_lab,13770
kempner_krajan_lab,12325
kempner_lab,250
kempner_marks_lab,1
kempner_murphy_lab,3941
kempner_murthy_users,3941
kempner_mzitnik_lab,13770
kempner_noorsajid_lab,1200
kempner_nsaphra_lab,1200
kempner_pehlevan_lab,13687
kempner_poesia_lab,7250
kempner_pslade_lab,3941
kempner_rcai_lab,1200
kempner_rhakim_lab,1200
kempner_schung_lab,12130
kempner_sham_lab,13960
kempner_sompolinsky_lab,3941
kempner_takeller_lab,1200
kempner_tfel_lab,1200
kempner_undergrads,1917
kempner_wcarvalho_lab,1200
kempner_ydu_lab,12325
keto_lab,499
kiyoul_lab,2630
koumoutsakos_lab,26185
koutrakis_lab,266
kovac_lab,1290
kozinsky_lab,3932
kraft_lab,266
krajan_lab,0
krieger_lab,266
kruk_lab,266
kuang_lab,1765
kubzansky_lab,266
lberkman_lab,266
lconnor_lab,499
lemos_lab,266
liang_lab,266
lichtman_lab,634
lkewley_lab,499
linz_lab,2352
lipsitch_lab,266
loeb_lab,1038
lok_lab,266
lu_lab_hsph,266
lukin_lab,346
luqi_lab,266
macleod_lab,266
marks_lab,0
martin_lab_seas,298
mattei_lab,298
mattsmith_lab,266
mazur_lab_seas,250
mcastro_lab,266
mccoll_lab,1310
mcconnell_lab,266
mcelroy_lab,348
meade_lab,378
menzies_lab,266
meyer_lab,266
michor_lab,266
miller_lab,266
mimiaga_lab,266
mina_lab,266
mitrovica_lab,378
mmacleod_lab,499
mmurray_lab,266
moorcroft_lab,1084
mozaffarian_lab,266
mucci_lab,266
mukherjee_lab,266
murphy_lab,420
mwang_lab_hsph,266
mweber_lab,29524
mweisskopf_lab,266
mzitnik_lab,0
nagel_lab,266
narayan_lab,1038
natarajan_lab,789
neafsey_lab,266
nethery_lab,266
nguyen_lab,362
nhejazi_lab,682
ni_lab,298
nkory_lab,266
nnopiston_lab,266
novitsky_lab,266
oberg_lab,499
olveczky_lab,844
onnela_lab,266
ortegahernandez_lab,832
pandya_lab,266
papatheodorou_lab,266
parkes_lab,240
parkes_low_priority,10
parmigiani_lab,266
pehlevan_lab,442
pfister_lab,250
price_lab,266
pslade_lab,7120
pwilliams_lab,266
quackenbush_lab,5793
rhamad_lab,266
rich_edwards_lab,266
rimm_lab,266
rivas_lab,471
robins_lab,266
rongma_lab,266
ronn_lab,266
rosenthal_lab,266
rwang_lab,266
sasselov_lab,499
scarter_lab,266
schrag_lab,446
sfortune_lab,266
sgopinath_lab,266
shakhnovich_lab,394
shaw_lab,286
siag_lab,7824
sinaiko_lab,266
sitanc_lab,2494
slopen_lab,266
smith-warner_lab,266
sommers_lab,266
sompolinsky_lab,598
song_lab,266
spengler_lab,266
spiegelman_lab,266
stampfer_lab,266
stephenson_lab,266
stopsack_lab,266
strominger_lab,789
stubbs_lab,499
subramanian_lab,266
sun_lab,266
sunderland_lab,337
sur_lab,544
tambe_lab,442
terry_lab,266
testa_lab,266
thomas_tsai_lab,266
tvanderweele_lab,266
tziperman_lab,366
ullman_lab,324
vanrooyen_lab,266
vcurto_lab,266
verguet_lab,266
viegas_lab,9590
vishwanath_lab,346
waterman_lab,266
wattenberg_lab,9590
wei_lab,266
whipple_lab,538
williams_lab,266
wirth_lab,266
wofsy_lab,945
wordsworth_lab,1105
xchen_lab,499
xiaoying_lab,266
xlin,1424
xuehong_zhang_lab,266
yao_lab,3551
yau2_lab,789
ydu_lab,9155
yin_lab,442
ymaepi_lab,266
yuan_lab,266
zanobetti_lab,266
zhuang_lab,968
zjw_lab,266
zon_lab,346
zward_lab,266
